,Close,ds,yhat,yhat_lower,yhat_upper,10sma,50sma
0,1.3224200010299683,2023-08-01 07:00:00,1.3250119857280895,1.3233523508844478,1.3266297252392543,,
1,1.3244099617004395,2023-08-01 08:00:00,1.3253743432166827,1.323761425727165,1.3268735234897864,,
2,1.3253599405288696,2023-08-01 09:00:00,1.32569385567845,1.3241778603763636,1.3272930385532784,,
3,1.325909972190857,2023-08-01 10:00:00,1.3260042794164995,1.3243019256723063,1.327719405494654,,
4,1.326159954071045,2023-08-01 11:00:00,1.3263455031432723,1.324667693404446,1.3280298914542439,,
5,1.3272099494934082,2023-08-01 12:00:00,1.3267131062807882,1.3251023666853665,1.328271561830185,,
6,1.3293999433517456,2023-08-01 13:00:00,1.3270497466209175,1.3254896662885818,1.3287374958337113,,
7,1.3281699419021606,2023-08-01 14:00:00,1.3272925273018148,1.3256964719924327,1.3288920255582928,,
8,1.3282599449157715,2023-08-01 15:00:00,1.3274331521907545,1.325826669427125,1.3290539766073797,,
9,1.3288999795913696,2023-08-01 16:00:00,1.327531110151863,1.3259087255977882,1.3290808041756463,1.3264449609729132,
10,1.3296200037002563,2023-08-01 17:00:00,1.327663133077211,1.3260162032966207,1.3291700159288578,1.3267100757078254,
11,1.3293999433517456,2023-08-01 18:00:00,1.3278540944154962,1.3263357821495565,1.329525356489317,1.3269580508277066,
12,1.3290599584579468,2023-08-01 19:00:00,1.3280545051260972,1.326599359988121,1.329690733016675,1.3271941157724714,
13,1.3288099765777588,2023-08-01 20:00:00,1.328186985541432,1.326524814480626,1.3299402015068122,1.3274123863849647,
14,1.3279900550842285,2023-08-01 21:00:00,1.3282190443198998,1.3265438203715374,1.3297885474907805,1.3275997405026274,
15,1.3263800144195557,2023-08-01 22:00:00,1.3281948522739957,1.3266115890331251,1.3298438133293775,1.327747915101948,
16,1.3265999555587769,2023-08-01 23:00:00,1.3281980344546567,1.326544322829313,1.329816892713565,1.3278627438853223,
17,1.3269100189208984,2023-08-02 00:00:00,1.3282823652599465,1.3267138580425695,1.3298340431194375,1.3279617276811353,
18,1.3277000188827515,2023-08-02 01:00:00,1.3284351149517448,1.32687559082738,1.330040742218985,1.3280619239572344,
19,1.3273999691009521,2023-08-02 02:00:00,1.3287501008463034,1.3271649241504895,1.3302722446949655,1.3281838230266785,
20,1.3289400339126587,2023-08-02 03:00:00,1.3290450474292315,1.3275492547186678,1.3305632665030172,1.3283220144618804,
21,1.3288899660110474,2023-08-02 04:00:00,1.3293331750200343,1.32781138750343,1.3309914929983333,1.3284699225223342,
22,1.3294999599456787,2023-08-02 05:00:00,1.3296531130530547,1.3281135128035284,1.3312891696911937,1.32862978331503,
23,1.3294600248336792,2023-08-02 06:00:00,1.3300206088049542,1.3284230634178154,1.331518777553277,1.3288131456413823,
24,1.330399990081787,2023-08-02 07:00:00,1.3304082586101649,1.3287702760200037,1.3319512850954196,1.3290320670704088,
25,1.3304799795150757,2023-08-02 08:00:00,1.330774556943911,1.3292179369762822,1.3324675292818338,1.3292900375374004,
26,1.3312100172042847,2023-08-02 09:00:00,1.3311101173499764,1.329549572031848,1.3326380409425251,1.329581245826932,
27,1.3310999870300293,2023-08-02 10:00:00,1.3314496959064546,1.3298374664366166,1.3330557525775344,1.329897978891583,
28,1.330680012702942,2023-08-02 11:00:00,1.3318340381704699,1.330313236326639,1.3333601334934413,1.3302378712134555,
29,1.3316500186920166,2023-08-02 12:00:00,1.332259429395029,1.3306240254742872,1.3338973733107722,1.330588804068328,
30,1.3315199613571167,2023-08-02 13:00:00,1.3326690759747912,1.331017481364954,1.3342491873558988,1.330951206922884,
31,1.3327200412750244,2023-08-02 14:00:00,1.33300046814096,1.3315059612959246,1.3345857406344668,1.3313179362349765,
32,1.3343900442123413,2023-08-02 15:00:00,1.3332455330355837,1.3317414527978437,1.334848466753381,1.3316771782332295,
33,1.3334800004959106,2023-08-02 16:00:00,1.3334638186593615,1.3318067216833314,1.335033236833932,1.33202149921867,
34,1.3328900337219238,2023-08-02 17:00:00,1.333731953561632,1.3321487081485832,1.3352210774491495,1.332353868713817,
35,1.334380030632019,2023-08-02 18:00:00,1.3340745489731627,1.3324976034125433,1.3356552407112234,1.3326838679167419,
36,1.3344500064849854,2023-08-02 19:00:00,1.3341588392143997,1.3325190340497701,1.3358043586614337,1.3329887401031844,
37,1.3344899415969849,2023-08-02 20:00:00,1.3341897439656958,1.3325891127990879,1.3358039442668108,1.3332627449091086,
38,1.3348400592803955,2023-08-02 21:00:00,1.334134073108584,1.332516711927043,1.3355910906306028,1.33349274840292,
39,1.334529995918274,2023-08-02 22:00:00,1.3340351721682604,1.3323844482883844,1.3356438462037452,1.333670322680243,
40,1.334439992904663,2023-08-02 23:00:00,1.3339757264098753,1.332486824671037,1.3355931697606573,1.3338009877237516,
41,1.3344099521636963,2023-08-03 00:00:00,1.3340084692330283,1.3324892715477386,1.3356144654817614,1.3339017878329584,
42,1.3347599506378174,2023-08-03 01:00:00,1.3341195430721389,1.332470424451222,1.3357561857074947,1.333989188836614,
43,1.3343100547790527,2023-08-03 02:00:00,1.3342547060746421,1.3326908946185034,1.335702504997216,1.334068277578142,
44,1.3349000215530396,2023-08-03 03:00:00,1.33437728763228,1.3327422927718844,1.335842042761442,1.3341328109852066,
45,1.3352400064468384,2023-08-03 04:00:00,1.3344992141346217,1.3329253539259418,1.3361691337291277,1.3341752775013527,
46,1.3357700109481812,2023-08-03 05:00:00,1.3346577988472283,1.3330717315906722,1.3361994062035758,1.3342251734646355,
47,1.3346699476242065,2023-08-03 06:00:00,1.3348674675047592,1.3333044131133414,1.3365927797638142,1.3342929458185417,
48,1.336050033569336,2023-08-03 07:00:00,1.3350995062498097,1.333477540222533,1.3366606554972054,1.3343894891326644,
49,1.3365000486373901,2023-08-03 08:00:00,1.3353111270844802,1.3337451266462368,1.3368721524485272,1.3345170846242864,1.33068099907449
50,1.3376599550247192,2023-08-03 09:00:00,1.3354917046047379,1.3339025562719895,1.3371020192937648,1.3346686824437726,1.3308905934520225
51,1.3366899490356445,2023-08-03 10:00:00,1.3356748145116963,1.3340623636996753,1.3374036438761223,1.3348353169716394,1.3310966028779232
52,1.3367700576782227,2023-08-03 11:00:00,1.3359000946524848,1.3344600470036805,1.3375634846486943,1.3350133721296742,1.3313007276574036
53,1.3369100093841553,2023-08-03 12:00:00,1.3361628082085042,1.33441947762633,1.3377686555650408,1.3352041823430603,1.3315038982332439
54,1.3352999687194824,2023-08-03 13:00:00,1.336254265631057,1.3345746520681934,1.337845320696498,1.335391880142938,1.3317020734829996
55,1.335710048675537,2023-08-03 14:00:00,1.336262111184191,1.3345686063933972,1.337840269989533,1.3355681698478947,1.3318930535810674
56,1.3366199731826782,2023-08-03 15:00:00,1.336177571136046,1.334623647426848,1.3377908098036517,1.3357201470767766,1.33207561007137
57,1.3340699672698975,2023-08-03 16:00:00,1.3360596159540497,1.3345658083978287,1.3375792612722737,1.3358393619217055,1.332250951844415
58,1.3329999446868896,2023-08-03 17:00:00,1.3359844253088027,1.3344848038661834,1.337584308724833,1.335927853827605,1.3324219773067756
59,1.3345099687576294,2023-08-03 18:00:00,1.3359762937245983,1.3344973825756101,1.3375937651621799,1.3359943704916168,1.3325908809782305
60,1.3353899717330933,2023-08-03 19:00:00,1.3359851337107425,1.334344461598959,1.3375530027926623,1.3360437134022174,1.3327573209909012
61,1.3355400562286377,2023-08-03 20:00:00,1.335932954763886,1.3343525433099668,1.337522311695081,1.3360695274274363,1.3329188981978688
62,1.3351800441741943,2023-08-03 21:00:00,1.3357866493325286,1.3341645423684008,1.3373821160655572,1.3360581828954405,1.3330735410819974
63,1.3352999687194824,2023-08-03 22:00:00,1.3355897734401674,1.3340253346745123,1.3372092739082533,1.336000879418607,1.3332215968399723
64,1.3350000381469727,2023-08-03 23:00:00,1.3354253452641756,1.3338566417890305,1.336971722868317,1.3359179873819187,1.3333657228588578
65,1.335070013999939,2023-08-04 00:00:00,1.3353465463595873,1.3336792898967214,1.3369432812979438,1.3358264308994585,1.3335087567405697
66,1.3338700532913208,2023-08-04 01:00:00,1.335340073838683,1.333834204872354,1.336963140980111,1.3357426811697222,1.3336515975282501
67,1.3339699506759644,2023-08-04 02:00:00,1.3353523369015914,1.3338187426634662,1.3370752168041697,1.3356719532644763,1.333792996961083
68,1.335170030593872,2023-08-04 03:00:00,1.3353474009346762,1.3337587259291037,1.3368513169940077,1.3356082508270637,1.333931242680742
69,1.3349299430847168,2023-08-04 04:00:00,1.3353380007040057,1.333656884174338,1.336946678543817,1.3355444215250043,1.3340630006778957
70,1.3353699445724487,2023-08-04 05:00:00,1.3353623167187771,1.333868278038729,1.3369883530917641,1.3354821398258077,1.3341893460636869
71,1.3353999853134155,2023-08-04 06:00:00,1.3354355725227722,1.3338625914094515,1.3370831429021506,1.3354324016016963,1.3343113940137414
72,1.336300015449524,2023-08-04 07:00:00,1.3355301098242296,1.3338879302576008,1.3371741913365998,1.3354067476508666,1.3344289339491646
73,1.3361599445343018,2023-08-04 08:00:00,1.3356040966627991,1.3341718317598354,1.3373341657809217,1.3354081799731297,1.3345406037063219
74,1.3367700576782227,2023-08-04 09:00:00,1.3356478627603119,1.3341278404038255,1.3373212038574018,1.3354304317227434,1.3346453957893245
75,1.336549997329712,2023-08-04 10:00:00,1.335695922672767,1.3342152496547597,1.3373165589840876,1.3354653693540612,1.334743823103902
76,1.3371700048446655,2023-08-04 11:00:00,1.3357888217211884,1.3341304064753268,1.3374582314055092,1.3355102441423117,1.3348373971913259
77,1.3375699520111084,2023-08-04 12:00:00,1.335922684523369,1.3343800457429298,1.3375643080609947,1.3355672789044895,1.3349268569636643
78,1.3363699913024902,2023-08-04 13:00:00,1.3360405941212732,1.3344356150656254,1.3377139194778982,1.3356365982231493,1.3350109880826806
79,1.3352099657058716,2023-08-04 14:00:00,1.3360799517713087,1.3345057732444836,1.3376402026981338,1.3357107933298797,1.3350873985302059
80,1.336169958114624,2023-08-04 15:00:00,1.3360326265822893,1.3343859274234364,1.3375223185256722,1.335777824316231,1.335154669542356
81,1.3338299989700317,2023-08-04 16:00:00,1.3359581355566874,1.3343850911201902,1.3376775824002132,1.3358300806196224,1.3352138228906707
82,1.3321599960327148,2023-08-04 17:00:00,1.335933098972347,1.3344546253620768,1.3375567015202068,1.335870379534434,1.3352675742094058
83,1.334130048751831,2023-08-04 18:00:00,1.3359821378783507,1.334293937552842,1.3375996585620853,1.3359081836559894,1.3353179405937856
84,1.3383300304412842,2023-08-04 19:00:00,1.3360553706521854,1.3345111918475148,1.3376636406832376,1.3359489344451765,1.3353644089355967
85,1.3383599519729614,2023-08-04 20:00:00,1.3360748871010357,1.3346374824774174,1.3376872980303822,1.3359868308880034,1.3354044156981542
86,1.3375999927520752,2023-08-04 21:00:00,1.3360075312688249,1.3344117037829504,1.337648856416366,1.336008701842767,1.3354413895392425
87,1.3377000093460083,2023-08-04 22:00:00,1.3358966806931236,1.334202816610266,1.3374965596983752,1.3360061014597426,1.3354755282737911
88,1.3372000455856323,2023-08-07 00:00:00,1.3375927083319668,1.3358951763976763,1.3391922986849656,1.336161312880812,1.3355447009782588
89,1.3368799686431885,2023-08-07 01:00:00,1.337476302491302,1.3358361376631485,1.339062513905474,1.3363009479528114,1.3356135235847197
90,1.3372399806976318,2023-08-07 02:00:00,1.3373837918771778,1.3358787189353916,1.3389249328514825,1.3364360644823,1.3356816848940658
91,1.3368699550628662,2023-08-07 03:00:00,1.3372793044330562,1.3356630074075073,1.3389923085324558,1.336568181369937,1.3357471015980664
92,1.3373500108718872,2023-08-07 04:00:00,1.3371755175852462,1.3355415528687065,1.3387601299581562,1.336692423231227,1.3358082210883282
93,1.3376599550247192,2023-08-07 05:00:00,1.3371104364272606,1.3355244938948883,1.3386959350096428,1.3368052530861179,1.335865335695381
94,1.3376200199127197,2023-08-07 06:00:00,1.3370991083829287,1.3354920137642998,1.3385771576746912,1.3369096268591922,1.335919772110394
95,1.3381600379943848,2023-08-07 07:00:00,1.337113361124348,1.3354963617783384,1.3386761511952574,1.3370134742615236,1.3359720550501886
96,1.3372000455856323,2023-08-07 08:00:00,1.3371108590461416,1.3355913080609054,1.3387516743248522,1.337123807039255,1.3360211162541666
97,1.338420033454895,2023-08-07 09:00:00,1.33708133218712,1.3356012602284808,1.3387311646967814,1.3372422721886548,1.3360653935478137
98,1.3384900093078613,2023-08-07 10:00:00,1.337058608200094,1.3354277827887222,1.3386709348086248,1.3371888621754675,1.3361045755868195
99,1.3393499851226807,2023-08-07 11:00:00,1.3370824682133753,1.3353639253569756,1.338647202995014,1.337149478747675,1.3361400024093972
100,1.336959958076477,2023-08-07 12:00:00,1.3371482062751419,1.3356114813394733,1.3387777286268165,1.3371259201874712,1.3361731324428054
101,1.3357000350952148,2023-08-07 13:00:00,1.3371980202326672,1.335559111362464,1.3386646301253933,1.3371177917674324,1.3362035965572248
102,1.3383100032806396,2023-08-07 14:00:00,1.3371683839603428,1.3355660432240273,1.3387706911010293,1.337117078404942,1.336228962343382
103,1.3378100395202637,2023-08-07 15:00:00,1.3370502099600856,1.3354075242857224,1.338562752800702,1.3371110557582244,1.3362467103784135
104,1.3373199701309204,2023-08-07 16:00:00,1.3369020427220195,1.335346954426704,1.338530339249126,1.3370913491921335,1.3362596659202328
105,1.336959958076477,2023-08-07 17:00:00,1.3367995276108793,1.335228109665062,1.3384088330058408,1.3370599658407865,1.3362704142487667
106,1.3360999822616577,2023-08-07 18:00:00,1.3367663218782322,1.3352486096530676,1.338361960181299,1.3370255121239958,1.3362821892636105
107,1.3367799520492554,2023-08-07 19:00:00,1.3372346408942108,1.335621797246916,1.3388108391435773,1.337040842994705,1.3363056897624137
108,1.3369200229644775,2023-08-07 20:00:00,1.337642636310942,1.3361611987797766,1.3393133082885476,1.3370992458057895,1.3363388539824563
109,1.336840033531189,2023-08-07 21:00:00,1.3379563003525752,1.336421381116594,1.3394800218141858,1.3371866290197096,1.336378454115016
110,1.3367700576782227,2023-08-07 22:00:00,1.338218220617006,1.3367491033333971,1.3399178730905126,1.337293630453896,1.336423115853141
111,1.3375600576400757,2023-08-07 23:00:00,1.3385103901597948,1.3368343258161264,1.3401194217679067,1.3374248674466087,1.3364746645610595
112,1.3371399641036987,2023-08-08 00:00:00,1.338884921089861,1.3373179769569263,1.3404824084399847,1.3375965211595606,1.3365366299962063
113,1.337339997291565,2023-08-08 01:00:00,1.3393274098366705,1.337731338322907,1.3408180861530146,1.3378242411472192,1.3366113827241362
114,1.3394700288772583,2023-08-08 02:00:00,1.3397831473237807,1.3381587706152878,1.3413628737155843,1.3381123516073952,1.336698538765328
115,1.3380999565124512,2023-08-08 03:00:00,1.3402150770972059,1.3385709365178842,1.3418519874244754,1.338453906556028,1.3367959093800805
116,1.3394099473953247,2023-08-08 04:00:00,1.3406348227623475,1.3389718130963892,1.3422487457537642,1.3388407566444394,1.3369018043585539
117,1.3392200469970703,2023-08-08 05:00:00,1.3410794786275069,1.339526660030609,1.342738363266486,1.339225240417769,1.337016347193072
118,1.3398799896240234,2023-08-08 06:00:00,1.3415633351511016,1.3400095468355235,1.3433118670058763,1.339617310301785,1.3371406658774005
119,1.3416500091552734,2023-08-08 07:00:00,1.3420576258409023,1.3405728692374093,1.3436723747044852,1.3400274428506176,1.3372750583801385
120,1.3423199653625488,2023-08-08 08:00:00,1.342519590800881,1.3409549873210247,1.3441281786439196,1.3404575798690053,1.3374182038617806
121,1.3423199653625488,2023-08-08 09:00:00,1.3429387107340356,1.3413888431373757,1.3445258616756115,1.3409004119264292,1.3375682666260058
122,1.3441499471664429,2023-08-08 10:00:00,1.3433487419434718,1.3419742161971218,1.3449590881588904,1.3413467940117905,1.337724639268391
123,1.3453199863433838,2023-08-08 11:00:00,1.3437895731416316,1.3422160469487543,1.3453618276629786,1.3417930103422866,1.3378883487979676
124,1.3476500511169434,2023-08-08 12:00:00,1.3439221062833084,1.342315078495029,1.345530962072956,1.3422069062382394,1.3380538336684273
125,1.348479986190796,2023-08-08 13:00:00,1.3440236766276004,1.3424152088660015,1.345557782004283,1.3425877661912788,1.338220388747524
126,1.348639965057373,2023-08-08 14:00:00,1.3440313873126608,1.3425564873844247,1.345663466619138,1.34292742264631,1.3383852400593537
127,1.3468300104141235,2023-08-08 15:00:00,1.3439369422057577,1.3422375246276685,1.3455951092351381,1.3432131690041351,1.3385455252130012
128,1.3455899953842163,2023-08-08 16:00:00,1.3437998301710279,1.342352953998477,1.3453653295772465,1.3434368185061278,1.3387007099339963
129,1.3442000150680542,2023-08-08 17:00:00,1.3436967831005382,1.3421446164825745,1.3453648394622628,1.3436007342320913,1.338853046560581
130,1.3427499532699585,2023-08-08 18:00:00,1.3436526744429855,1.3420032572312421,1.3452050012409493,1.3437140425963017,1.3390054475177948
131,1.3418999910354614,2023-08-08 19:00:00,1.3436180151577477,1.3420271848002372,1.3453228789124554,1.343781973038673,1.339158645109816
132,1.3411999940872192,2023-08-08 20:00:00,1.3435154255772477,1.342024472802366,1.3451579036240247,1.3437986414020506,1.339310291641914
133,1.3413699865341187,2023-08-08 21:00:00,1.3433124143598725,1.341727227874065,1.3448349831193662,1.3437509255238747,1.3394568971715444
134,1.3410999774932861,2023-08-08 22:00:00,1.3430531523181248,1.341410133894123,1.3446226909940941,1.3436640301273564,1.3395968528048632
135,1.3422800302505493,2023-08-08 23:00:00,1.3428212645029474,1.3412880018099822,1.3444182901860717,1.343543788914891,1.3397317803529014
136,1.3426100015640259,2023-08-09 00:00:00,1.342670525312407,1.3411008518407035,1.3442252859668016,1.3434077027148654,1.339865040233773
137,1.3428900241851807,2023-08-09 01:00:00,1.3425882050083675,1.3410575926758774,1.3443241497248062,1.3432728289951268,1.3399988707200778
138,1.3422600030899048,2023-08-09 02:00:00,1.3425212611022717,1.3408253198071634,1.3441769751456414,1.343144972088251,1.340097441775484
139,1.3413200378417969,2023-08-09 03:00:00,1.3424342778845477,1.3408827248167416,1.3439869880237865,1.343018721566652,1.3401966012833493
140,1.3418500423431396,2023-08-09 04:00:00,1.3423404756747088,1.34067998392928,1.3439715441192328,1.3428875016898243,1.3402957349592994
141,1.3415800333023071,2023-08-09 05:00:00,1.3422784839070663,1.3406745822233839,1.343866909344067,1.3427535485647561,1.3403957185487798
142,1.341689944267273,2023-08-09 06:00:00,1.342271539950874,1.340658450450788,1.343838927532936,1.3426291600021187,1.3404976389960925
143,1.3407100439071655,2023-08-09 07:00:00,1.3422847500479926,1.340663829745483,1.3438966894357744,1.3425263935709308,1.340601125268507
144,1.3411699533462524,2023-08-09 08:00:00,1.3422766086736473,1.3406967720743383,1.343993063106036,1.342448739206483,1.3407046752743215
145,1.3417099714279175,2023-08-09 09:00:00,1.3422377293716217,1.3406664405640212,1.3437888772256492,1.3423903856933506,1.3408071626392668
146,1.341689944267273,2023-08-09 10:00:00,1.342202868220008,1.3405178606802446,1.343752057654026,1.3423436199841106,1.3409090028227442
147,1.3419899940490723,2023-08-09 11:00:00,1.342212770775941,1.3405190431050311,1.3438968625845065,1.3423060765608679,1.3410116315945206
148,1.342829942703247,2023-08-09 12:00:00,1.342263722292409,1.3406034175531798,1.3438963083976612,1.3422803226798816,1.341115733876367
149,1.3444600105285645,2023-08-09 13:00:00,1.342298929164079,1.3407473067729834,1.3438810136518884,1.342266787807835,1.341220063095381
150,1.3429499864578247,2023-08-09 14:00:00,1.3422558816221455,1.3406341538256972,1.3438371070286075,1.3422583284025786,1.341322216602321
151,1.343209981918335,2023-08-09 15:00:00,1.3421265068086776,1.3404963062878732,1.3437480924436438,1.3422431306927396,1.3414207863338412
152,1.3443100452423096,2023-08-09 16:00:00,1.341970352724365,1.3403812004632893,1.3435757763014444,1.3422130119700886,1.341516825709122
153,1.343269944190979,2023-08-09 17:00:00,1.341864047918542,1.340383294947137,1.3433993165082696,1.3421709417571435,1.341613102468291
154,1.3422499895095825,2023-08-09 18:00:00,1.3418322036219796,1.340156558360806,1.3434330290723049,1.3421265012519767,1.3417117056862904
155,1.3415900468826294,2023-08-09 19:00:00,1.3418249151921,1.3401491427141659,1.343311315616633,1.3420852198340247,1.3418122134379147
156,1.3423800468444824,2023-08-09 20:00:00,1.341764241272275,1.3402319824961304,1.343396984372579,1.3420413571392513,1.3419121718257951
157,1.3414000272750854,2023-08-09 21:00:00,1.3416169917440421,1.3402368303008487,1.3433908897654419,1.3419817792360615,1.341999818842792
158,1.342020034790039,2023-08-09 22:00:00,1.3414265121325977,1.339845203873442,1.3430572493306603,1.3418980582200803,1.3420754963592254
159,1.3420100212097168,2023-08-09 23:00:00,1.3412370300903689,1.3397267272732427,1.3428774715197074,1.3417918683127092,1.342141110953981
160,1.3419300317764282,2023-08-10 00:00:00,1.3411397366296771,1.3394497209406657,1.3428551328414164,1.3416802538134625,1.3421995412742345
161,1.341770052909851,2023-08-10 01:00:00,1.341120774184942,1.339435365947698,1.3425851215883946,1.3415796805510891,1.3422517489547374
162,1.341670036315918,2023-08-10 02:00:00,1.3411259009036098,1.3395310743930453,1.3427275962652188,1.3414952353690135,1.3422965685510124
163,1.341439962387085,2023-08-10 03:00:00,1.341118446177404,1.3394699074790597,1.3426534617263424,1.3414206751948998,1.3423323892778267
164,1.341480016708374,2023-08-10 04:00:00,1.3411103363959018,1.3394918001405607,1.3426627508045255,1.341348488472292,1.3423589330592693
165,1.341599941253662,2023-08-10 05:00:00,1.3411388848246601,1.339622812594611,1.3427986145297461,1.3412798854355479,1.3423774092138185
166,1.3406800031661987,2023-08-10 06:00:00,1.3412185171983513,1.339700274082089,1.3428615230488519,1.3412253130281555,1.3423890831025387
167,1.3402600288391113,2023-08-10 07:00:00,1.3413205196595572,1.3396110471306184,1.34290099499508,1.341195665819707,1.3423939039231798
168,1.3405499458312988,2023-08-10 08:00:00,1.3414021042103816,1.3399024302368803,1.3431296458663473,1.3411932250274856,1.342390679304365
169,1.3407299518585205,2023-08-10 09:00:00,1.3414526454468019,1.3397934725984995,1.3430653004198139,1.3412147865631288,1.3423785796964833
170,1.340309977531433,2023-08-10 10:00:00,1.3415057190699167,1.3398418896988906,1.343209792726749,1.3412513848071526,1.3423583022618637
171,1.3401000499725342,2023-08-10 11:00:00,1.3416009629268562,1.3399825417697524,1.3432446038281258,1.3412994036813441,1.3423315473057205
172,1.339609980583191,2023-08-10 12:00:00,1.341733640199032,1.3401553436035751,1.3433737879289869,1.3413601776108863,1.3422992452708313
173,1.3386000394821167,2023-08-10 13:00:00,1.3418460325342374,1.3401756957343913,1.343513977442399,1.3414329362465696,1.3422603744586836
174,1.3380000591278076,2023-08-10 14:00:00,1.3418748130000249,1.3402510017557598,1.3433785904192728,1.3415093839069818,1.342219428593018
175,1.3398000001907349,2023-08-10 15:00:00,1.3418112078645335,1.3403060879625985,1.3435125319536763,1.3415766162109695,1.3421751792177568
176,1.340000033378601,2023-08-10 16:00:00,1.3417141875951972,1.3401523186869948,1.3432975830872893,1.3416261832506537,1.342128835223407
177,1.341770052909851,2023-08-10 17:00:00,1.3418193985797977,1.3402195519977051,1.3434354619801545,1.3416760711426778,1.342086484350888
178,1.3435499668121338,2023-08-10 18:00:00,1.3419916686254467,1.3403961754160008,1.343601587289836,1.3417350275841844,1.3420503211199766
179,1.3416500091552734,2023-08-10 19:00:00,1.342180910241444,1.340591603899746,1.343706803478877,1.3418078540636487,1.3420200036627947
180,1.344190001487732,2023-08-10 20:00:00,1.3423091329244385,1.3406404995083916,1.3438414987178169,1.3418881954491009,1.341993132832424
181,1.3447500467300415,2023-08-10 21:00:00,1.3423432291229351,1.3407515128221692,1.343924856753044,1.3419624220687087,1.3419676371117273
182,1.3442100286483765,2023-08-10 22:00:00,1.342326754860428,1.3406791038372798,1.343884887857604,1.3420217335348483,1.341943863697391
183,1.3444000482559204,2023-08-10 23:00:00,1.3423427283142884,1.3406968003543533,1.343957209008164,1.3420714031128536,1.3419244699764794
184,1.3443900346755981,2023-08-11 00:00:00,1.3424443310395546,1.3408445539243485,1.3440717708403105,1.3421283549168064,1.341912293550908
185,1.343649983406067,2023-08-11 01:00:00,1.342618260148504,1.3411069894711383,1.344159680495542,1.3422090601452035,1.341908233463819
186,1.3433200120925903,2023-08-11 02:00:00,1.342810924841266,1.3411610104751412,1.3443898405508932,1.3423187338698104,1.3419110414543964
187,1.344130039215088,2023-08-11 03:00:00,1.3429863905042043,1.3414507452838502,1.3445058078857675,1.342435433062251,1.341919005164313
188,1.3438800573349,2023-08-11 04:00:00,1.3431573919033886,1.3416135172592956,1.344783911765928,1.3425520053900453,1.3419317277803353
189,1.3443900346755981,2023-08-11 05:00:00,1.3433621095480075,1.3417064857620016,1.34496528290395,1.3426701253207016,1.3419502844136044
190,1.3439300060272217,2023-08-11 06:00:00,1.3436158809988834,1.3419864473591199,1.3453258134007215,1.342800800128146,1.3419757925200881
191,1.3441699743270874,2023-08-11 07:00:00,1.3438909339472214,1.342271199283246,1.3454552884565287,1.3429555706105745,1.3420080415208913
192,1.3441599607467651,2023-08-11 08:00:00,1.3441454364326724,1.3425428888755966,1.3458086225987127,1.343137438767799,1.3420455194505272
193,1.3445099592208862,2023-08-11 09:00:00,1.3443697181770664,1.3427642817882455,1.3459312129589143,1.3433401377540768,1.3420872188131088
194,1.345729947090149,2023-08-11 10:00:00,1.3445982937364027,1.3430829781251725,1.3462262992254674,1.3435555340237617,1.3421336525143637
195,1.3449300527572632,2023-08-11 11:00:00,1.3446692618639993,1.3430461269030198,1.3462947387060498,1.3437606341953112,1.3421822831642112
196,1.344059944152832,2023-08-11 12:00:00,1.344781193745353,1.3432007967845174,1.3463115402100743,1.34395766108572,1.3422338496747181
197,1.3459099531173706,2023-08-11 13:00:00,1.3448771724224313,1.3431680804298618,1.3464867060346093,1.3441467392775426,1.3422871377076482
198,1.3449900150299072,2023-08-11 14:00:00,1.3448945991516432,1.343242371314402,1.3464806275516032,1.344320460002368,1.3423397552448326
199,1.341599941253662,2023-08-11 15:00:00,1.3448253430417976,1.3431339854328377,1.3463316063107678,1.3444667833517472,1.342390283522387
200,1.3437600135803223,2023-08-11 16:00:00,1.3447289210953703,1.3431581631712413,1.346300782684663,1.344578087361396,1.3424397443118514
201,1.3443200588226318,2023-08-11 17:00:00,1.3446819535902061,1.3431388159803652,1.3461863266860603,1.3446571893256942,1.3424908532474822
202,1.3446300029754639,2023-08-11 18:00:00,1.3447090615753745,1.3432199658666892,1.3462381429532466,1.3447135518399644,1.3425456274245022
203,1.3446600437164307,2023-08-11 19:00:00,1.3447603634283822,1.343157439186236,1.3463803284413574,1.344752616365096,1.342603553734699
204,1.3446999788284302,2023-08-11 20:00:00,1.3447579489564145,1.3430475114952474,1.3463496881899564,1.3447685818870971,1.3426620686413877
205,1.3438999652862549,2023-08-11 21:00:00,1.3446686622033777,1.3430600911173716,1.3463187054011743,1.344768521921035,1.3427189435816134
206,1.3437999486923218,2023-08-11 22:00:00,1.3445358807068502,1.3428461710731574,1.346128404293561,1.3447439906171847,1.3427743763703048
207,1.3438999652862549,2023-08-11 23:00:00,1.3444423145264102,1.3428036546630766,1.346060154109745,1.3447005048275826,1.3428308828259523
208,1.3439699411392212,2023-08-14 00:00:00,1.3451353623044062,1.3435784747114112,1.3467489535257533,1.344724581142859,1.3429050598293883
209,1.344920039176941,2023-08-14 01:00:00,1.345093367945799,1.3435192126307995,1.346663696149724,1.3447513836332592,1.3429821865864968
210,1.3447500467300415,2023-08-14 02:00:00,1.345075268813734,1.3434638669423962,1.3466835722880086,1.3447860184050955,1.343060897230178
211,1.3460099697113037,2023-08-14 03:00:00,1.345045192851672,1.3433914897815784,1.3467564309207058,1.344822342331242,1.343139385603513
212,1.3464699983596802,2023-08-14 04:00:00,1.3450158277794384,1.343436512771693,1.3466632076750795,1.3448530189516485,1.3432171841410294
213,1.3463000059127808,2023-08-14 05:00:00,1.3450251683970293,1.3433644530213757,1.3466706030420095,1.344879499448513,1.343295318585422
214,1.3457200527191162,2023-08-14 06:00:00,1.3450882621282743,1.3434828694431433,1.346669119858522,1.3449125307656993,1.3433748771000693
215,1.346119999885559,2023-08-14 07:00:00,1.3451769366452704,1.3435621498831818,1.3467093139054906,1.3449633582098883,1.3434556381364815
216,1.344580054283142,2023-08-14 08:00:00,1.3452488563426421,1.343672235883889,1.3468323226859464,1.3450346557734676,1.3435362449193673
217,1.3447999954223633,2023-08-14 09:00:00,1.3452937512591976,1.3437142424667232,1.3468531269428587,1.3451197994467463,1.3436157095513601
218,1.3445600271224976,2023-08-14 10:00:00,1.3453454490477497,1.3437936348354202,1.3470395942552649,1.3451408081210807,1.3436945764481074
219,1.3444700241088867,2023-08-14 11:00:00,1.3454437308366027,1.343835270497249,1.347058700919834,1.3451758444101611,1.3437743981559036
220,1.3438999652862549,2023-08-14 12:00:00,1.3455838906739503,1.343971780919882,1.3471636233131767,1.3452267065961827,1.3438559615879841
221,1.3457399606704712,2023-08-14 13:00:00,1.3457081264070523,1.344172243829624,1.3473105590809271,1.3452929999517207,1.343938104857588
222,1.3473999500274658,2023-08-14 14:00:00,1.3457529119103033,1.3442656101638362,1.3473554098276836,1.345366708364807,1.3440184902918135
223,1.3465700149536133,2023-08-14 15:00:00,1.3457091596856225,1.344186068642275,1.3472574754616367,1.3454351074936663,1.3440957528348412
224,1.345329999923706,2023-08-14 16:00:00,1.345635414223132,1.3440364151550919,1.3472114637408124,1.3454898227031522,1.3441709648593032
225,1.345620036125183,2023-08-14 17:00:00,1.3456073208875714,1.3440050411778,1.3471670172702048,1.3455328611273825,1.344246887119764
226,1.3454300165176392,2023-08-14 18:00:00,1.3456485369305022,1.344052150042192,1.347183770144619,1.3455728291861684,1.3443255741064704
227,1.3468999862670898,2023-08-14 19:00:00,1.345708241402102,1.344039328804231,1.3473676006392743,1.345614278200459,1.3444033509629163
228,1.3463200330734253,2023-08-14 20:00:00,1.3457076222744542,1.344119715496706,1.3472926056054038,1.3456504955231292,1.3444776700358962
229,1.3459700345993042,2023-08-14 21:00:00,1.3456126717717054,1.3439843115855108,1.347284157111312,1.3456673896166396,1.3445463052665017
230,1.3461600542068481,2023-08-14 22:00:00,1.345607985722511,1.3439892666690019,1.3472762076739688,1.3456697991214956,1.3446122823224629
231,1.3455599546432495,2023-08-14 23:00:00,1.3456335489516633,1.3439817773787677,1.3472394626509765,1.3456623413759567,1.3446780887190377
232,1.3458800315856934,2023-08-15 00:00:00,1.3457414735680966,1.344057951274808,1.3472384500910548,1.345661197541736,1.3447463830931912
233,1.3458000421524048,2023-08-15 01:00:00,1.3459173560012736,1.3445108976441866,1.3474949796697335,1.3456820171733013,1.3448178756469307
234,1.3450000286102295,2023-08-15 02:00:00,1.3461064871747508,1.3444420817432101,1.3476041869960709,1.345729124468463,1.3448911187696344
235,1.345139980316162,2023-08-15 03:00:00,1.3462718106345422,1.3447156452749474,1.3478873714774104,1.3457955734431601,1.3449641897793554
236,1.3442800045013428,2023-08-15 04:00:00,1.346424949986046,1.3448805109188589,1.3480032315454233,1.3458732147487145,1.3450364702822508
237,1.3444000482559204,2023-08-15 05:00:00,1.3466029995375712,1.344964755120218,1.348214334034938,1.3459626905622613,1.3451088024629185
238,1.3451499938964844,2023-08-15 06:00:00,1.3468202497475334,1.3452219532418157,1.3483652742154164,1.3460739533095694,1.3451820596198012
239,1.3459500074386597,2023-08-15 07:00:00,1.3470479341237007,1.345518493786455,1.3487467999804814,1.346217479544769,1.3452557761113153
240,1.349179983139038,2023-08-15 08:00:00,1.3472432927700462,1.345678665484891,1.3488843147364054,1.3463810102495224,1.3453283243467384
241,1.3484100103378296,2023-08-15 09:00:00,1.3473958063895677,1.3457735227227012,1.3490792068373167,1.346557235993313,1.3453984217955854
242,1.348330020904541,2023-08-15 10:00:00,1.3475392312853711,1.3459203770000379,1.3492223587760448,1.3467370117650403,1.3454662976926395
243,1.3490699529647827,2023-08-15 11:00:00,1.347713456169895,1.3461607995563076,1.3494227605576048,1.3469166217819024,1.345533172452496
244,1.3498200178146362,2023-08-15 12:00:00,1.3479140604651652,1.346269460696665,1.3494565190879593,1.3470973791109437,1.3455994877870712
245,1.3466099500656128,2023-08-15 13:00:00,1.3480837019630483,1.346469494598223,1.3496640895228178,1.3472785682437944,1.3456677765890521
246,1.3460299968719482,2023-08-15 14:00:00,1.3481594838016997,1.3466871703651684,1.3497602469878023,1.34745202162536,1.345735342390179
247,1.3479399681091309,2023-08-15 15:00:00,1.3482709821429202,1.3466021719128831,1.3497904253310327,1.3476188198858947,1.3458032185845885
248,1.3474299907684326,2023-08-15 16:00:00,1.348339813556315,1.3466654502333157,1.3499027088188975,1.3477707762667728,1.3458721228726822
249,1.3484899997711182,2023-08-15 17:00:00,1.3484427099339515,1.3468021313506924,1.3499086492951224,1.347910253847798,1.3459444702105252
250,1.3488199710845947,2023-08-15 18:00:00,1.348604544724522,1.347091076236911,1.3501639732489332,1.3480463790432455,1.3460219826831084
251,1.3492399454116821,2023-08-15 19:00:00,1.3487758288874083,1.3471435929669915,1.3503750868290405,1.3481843812930294,1.3461038601890525
252,1.3497099876403809,2023-08-15 20:00:00,1.3488791827550408,1.347234170392698,1.3504378962702777,1.3483183764399966,1.3461872626126459
253,1.34961998462677,2023-08-15 21:00:00,1.3488821149857897,1.3471769778573994,1.3504399440775003,1.348435242321586,1.346269697643794
254,1.3496099710464478,2023-08-15 22:00:00,1.3488287963921664,1.347234207534512,1.350475592915538,1.3485267159142862,1.346351114592509
255,1.3494499921798706,2023-08-15 23:00:00,1.3488028520251065,1.3473152794931729,1.3504320075347838,1.348598630920492,1.3464337983889434
256,1.3490500450134277,2023-08-16 00:00:00,1.348858056282691,1.347290817199782,1.3504457539536012,1.348668488168591,1.3465202419004603
257,1.3496400117874146,2023-08-16 01:00:00,1.3489816794267795,1.3473051141083001,1.3505340429963475,1.3487395578969772,1.3466110291984676
258,1.3498200178146362,2023-08-16 02:00:00,1.349120678968802,1.3476205136621044,1.3507254453155177,1.3488176444382258,1.3466907355317557
259,1.350250005722046,2023-08-16 03:00:00,1.3492396391992132,1.3476406395366298,1.3507739977633975,1.348897337364752,1.346773660956824
260,1.3500299453735352,2023-08-16 04:00:00,1.3493517804374877,1.3476716829327846,1.3508690722797154,1.3489720609360485,1.346859191189299
261,1.349769949913025,2023-08-16 05:00:00,1.349495732117969,1.3478158285210788,1.3510846128123635,1.3490440512591046,1.3469482019746246
262,1.3500900268554688,2023-08-16 06:00:00,1.3496872415173409,1.3481390085141325,1.3511870388482479,1.3491248571353345,1.3470416302493828
263,1.3502600193023682,2023-08-16 07:00:00,1.349898904970026,1.3482923294494034,1.3515183537102982,1.349226536133758,1.347139104980843
264,1.3483999967575073,2023-08-16 08:00:00,1.350089216951257,1.3485981829942923,1.3516540646105444,1.3493525781896674,1.3472391240773027
265,1.3480499982833862,2023-08-16 09:00:00,1.3502519538237205,1.3486303835071232,1.3517998404922489,1.3494974883695288,1.3473406244208714
266,1.3488600254058838,2023-08-16 10:00:00,1.3504187088465973,1.3488522234447458,1.3519982178377352,1.3496535536259193,1.3474440214709507
267,1.3495299816131592,2023-08-16 11:00:00,1.3506302275770135,1.3491068629496172,1.3521823512216329,1.3498184084409428,1.3475507509973068
268,1.3489700555801392,2023-08-16 12:00:00,1.3508827952679716,1.3492673258444188,1.3524829293590224,1.3499946200708597,1.3476614979217114
269,1.3505500555038452,2023-08-16 13:00:00,1.3511196183141319,1.3495250057444341,1.3526648371413663,1.3501826179823515,1.347775015671262
270,1.3498300313949585,2023-08-16 14:00:00,1.3512781869466912,1.3496851360857771,1.3528920715605695,1.350375258633272,1.3478889015967166
271,1.3515900373458862,2023-08-16 15:00:00,1.3513504283077136,1.349825397139771,1.352997153734973,1.3505607282522463,1.3480017476347301
272,1.351770043373108,2023-08-16 16:00:00,1.35139589039789,1.349790145073016,1.3529637498703546,1.3507315931403014,1.3481146072044816
273,1.3528599739074707,2023-08-16 17:00:00,1.3514912017665588,1.3499307160750336,1.35305906868058,1.3508908228199545,1.3482302480461004
274,1.352139949798584,2023-08-16 18:00:00,1.3516609736444885,1.3500587047074646,1.3533063161604657,1.3510479984892778,1.3483507592345276
275,1.3535200357437134,2023-08-16 19:00:00,1.3518553013891,1.3501554374373148,1.3534322863378507,1.3512083332458156,1.3484757188445584
276,1.3533200025558472,2023-08-16 20:00:00,1.3519962436437654,1.3504867116206318,1.353570310451753,1.3513660867255326,1.3486026729788234
277,1.3531500101089478,2023-08-16 21:00:00,1.3520506102900225,1.350457791280048,1.3536263294280755,1.3515081249968333,1.348729520356582
278,1.352970004081726,2023-08-16 22:00:00,1.3520617468530691,1.350471340999033,1.3536862648230121,1.3516260201553432,1.3488566028481543
279,1.3532400131225586,2023-08-16 23:00:00,1.352112338598055,1.3506164885142837,1.353746991632048,1.3517252921837355,1.3489865961846812
280,1.3536700010299683,2023-08-17 00:00:00,1.3522551189245784,1.3507081802067251,1.3536769839820282,1.3518229853815242,1.3491195388487225
281,1.3545299768447876,2023-08-17 01:00:00,1.3524762302670583,1.351035406920454,1.3539798707259132,1.3519355655774585,1.3492563924750303
282,1.35371994972229,2023-08-17 02:00:00,1.3527214307729378,1.3511105474100569,1.3543540872208193,1.3520681196149635,1.3493959916191272
283,1.3536299467086792,2023-08-17 03:00:00,1.3527257472540273,1.3512270262642185,1.3543314444351113,1.3521915741637103,1.3495321594441825
284,1.3535699844360352,2023-08-17 04:00:00,1.3527294086798203,1.351142915142514,1.3543440847888077,1.3522984176672435,1.349664617874284
285,1.352869987487793,2023-08-17 05:00:00,1.3527697283158784,1.3511918644900005,1.3544297659935793,1.3523898603599211,1.3497945762279104
286,1.3535000085830688,2023-08-17 06:00:00,1.3528611318968662,1.3512884006411618,1.3543751208245058,1.3524763491852312,1.3499232998661268
287,1.3525999784469604,2023-08-17 07:00:00,1.3529749055653681,1.3512808910876182,1.3545012738337423,1.3525687787127658,1.3500507379866826
288,1.3526999950408936,2023-08-17 08:00:00,1.3530682613234866,1.3515737524587979,1.3546258302763179,1.3526694301598077,1.3501756982182018
289,1.3527799844741821,2023-08-17 09:00:00,1.353130573767201,1.3515057704094038,1.3547710517608529,1.3527712536767222,1.3502973510110718
290,1.3519699573516846,2023-08-17 10:00:00,1.3531954185976118,1.3516084525723495,1.3548835039073646,1.3528652836440256,1.350416393527623
291,1.351040005683899,2023-08-17 11:00:00,1.3533024336618416,1.3516158930956528,1.3548148209289839,1.352947903983504,1.3505345260730683
292,1.3503700494766235,2023-08-17 12:00:00,1.3534468821413121,1.3519396174264544,1.355077261495202,1.3530204491203413,1.3506526790901874
293,1.350640058517456,2023-08-17 13:00:00,1.3535710456838164,1.3519808010520153,1.3550875272014533,1.3531049789633203,1.3507698308804656
294,1.3517099618911743,2023-08-17 14:00:00,1.3536115973568996,1.3520761021668217,1.3552411744392194,1.353193197831028,1.3508837816183006
295,1.3512400388717651,2023-08-17 15:00:00,1.3535597634287033,1.3518780920331799,1.3550857435342745,1.3532722013423109,1.3509933028476138
296,1.3523199558258057,2023-08-17 16:00:00,1.3534745143666624,1.351831433629896,1.3550738907097797,1.3533335395892903,1.351099603458913
297,1.3520100116729736,2023-08-17 17:00:00,1.3534320298413598,1.3518249868969163,1.3549209119474064,1.3533792520168895,1.3512028244128818
298,1.3539199829101562,2023-08-17 18:00:00,1.353456604377102,1.3519147338423663,1.3550620698528353,1.353418086322251,1.3513051602292976
299,1.3551700115203857,2023-08-17 19:00:00,1.3534981504831947,1.3519578282070364,1.3551418918764557,1.3534548439938505,1.3514062690402824
300,1.3543000221252441,2023-08-17 20:00:00,1.3535438263446942,1.351964253198979,1.3552223926770341,1.3534896847685587,1.3515050546726857
301,1.354490041732788,2023-08-17 21:00:00,1.353495375721693,1.3517997985087942,1.355030217290253,1.3535089789745438,1.3515994456093714
302,1.3542699813842773,2023-08-17 22:00:00,1.3533963546376884,1.3518147128632192,1.3550942634826864,1.3535039262241813,1.3516897890470245
303,1.3546500205993652,2023-08-17 23:00:00,1.3533297812700504,1.351610821490155,1.3549502254173473,1.3534797997828047,1.3517787423727097
304,1.3545199632644653,2023-08-18 00:00:00,1.3533488371738198,1.351680331950747,1.354920359234715,1.353453523764497,1.3518691431883425
305,1.3537800312042236,2023-08-18 01:00:00,1.353440219461273,1.3517886628337452,1.3549424147422906,1.3534415693677537,1.351961890537066
306,1.3529399633407593,2023-08-18 02:00:00,1.3535503373325384,1.3519916501968554,1.355223772616692,1.3534491516643414,1.352055736158063
307,1.3529800176620483,2023-08-18 03:00:00,1.3536432561739793,1.3521417114256973,1.3552364546478344,1.3534702742976032,1.3521489676930067
308,1.3542300462722778,2023-08-18 04:00:00,1.353731710751666,1.3521409728918334,1.3553741906221892,1.3534977849350596,1.3522411883286642
309,1.3544000387191772,2023-08-18 05:00:00,1.3538538815747876,1.3522795525206062,1.3554572614750127,1.3535333580442193,1.3523334731761756
310,1.3538000583648682,2023-08-18 06:00:00,1.3540251062041657,1.3524067475511927,1.355643276583317,1.3535814860301663,1.352426939691509
311,1.3542200326919556,2023-08-18 07:00:00,1.3542176123310068,1.3527009898408084,1.3557747154516517,1.3536537096910974,1.35252137729577
312,1.3551700115203857,2023-08-18 08:00:00,1.3543895679949693,1.3527460935177975,1.3559361161768242,1.3537530310268255,1.3526154238253227
313,1.354259967803955,2023-08-18 09:00:00,1.3545313029178647,1.3528639129569058,1.3561267273682605,1.353873183191607,1.3527080717842792
314,1.3538999557495117,2023-08-18 10:00:00,1.354677331655703,1.3531080489868608,1.3563509420362727,1.3540060326397954,1.3527998340783685
315,1.3542900085449219,2023-08-18 11:00:00,1.3548681995295084,1.3532239969432631,1.3565622435061508,1.354148830646619,1.352892158992484
316,1.356220006942749,2023-08-18 12:00:00,1.3551000311570716,1.3536002537545186,1.356770010289544,1.3543038000290724,1.3529857854386935
317,1.3569799661636353,2023-08-18 13:00:00,1.3553159095803586,1.35365058566331,1.3570628432062,1.3544710653697103,1.3530794990787607
318,1.3558900356292725,2023-08-18 14:00:00,1.3553031742890012,1.3538871617851607,1.3568595139867152,1.3546282117234436,1.3531679066591809
319,1.3562699556350708,2023-08-18 15:00:00,1.3552037561586032,1.3536007187189705,1.3568124578289493,1.3547631991818252,1.3532495894160703
320,1.3559000492095947,2023-08-18 16:00:00,1.355077172191617,1.3534757390888275,1.356732989526097,1.3548684057805702,1.3533255691209691
321,1.353659987449646,2023-08-18 17:00:00,1.3550000426658941,1.3532106486451916,1.356580828065595,1.3549466488140591,1.3533985614081325
322,1.3538899421691895,2023-08-18 18:00:00,1.3549969886305113,1.3533633823849274,1.3564511769836005,1.3550073908776132,1.353470583372785
323,1.3545199632644653,2023-08-18 19:00:00,1.3550181284629619,1.353409004069594,1.3564792080625874,1.355056073432123,1.353541121906713
324,1.3547300100326538,2023-08-18 20:00:00,1.354985551970436,1.3535067652242685,1.3566166883098065,1.3550868954635964,1.353607613473232
325,1.354949951171875,2023-08-18 21:00:00,1.3548661031968408,1.353318413300678,1.3563979755516755,1.3550866858303297,1.3536678295093867
326,1.3550000190734863,2023-08-18 22:00:00,1.3547031596797585,1.3531559062009757,1.3562270178336162,1.3550469986825981,1.353721967830107
327,1.3539999723434448,2023-08-21 00:00:00,1.3537945402494194,1.3519747240431539,1.355390885671068,1.3548948617495042,1.3537568464292948
328,1.3543000221252441,2023-08-21 01:00:00,1.3537223838702552,1.3522190342829126,1.3553317109970557,1.3547367827076298,1.3537900591696381
329,1.3544700145721436,2023-08-21 02:00:00,1.3536741227176332,1.352105551640888,1.3553273446588032,1.354583819363533,1.3538212948520298
330,1.3537399768829346,2023-08-21 03:00:00,1.3536138847350137,1.3520855005198587,1.3552150008045611,1.3544374906178724,1.3538484701682387
331,1.3543000221252441,2023-08-21 04:00:00,1.3535543473487048,1.3520469362733605,1.3550850773631242,1.3542929210861536,1.3538700325098716
332,1.3542399406433105,2023-08-21 05:00:00,1.3535335156522226,1.3520238151291986,1.3551416444933775,1.3541465737883247,1.353886274207457
333,1.354200005531311,2023-08-21 06:00:00,1.3535664370693936,1.3519658730003288,1.3551749223323293,1.3540014046489677,1.3539030880037646
334,1.3547300100326538,2023-08-21 07:00:00,1.3536249392723145,1.3520891233656702,1.3551790256665752,1.3538653433791557,1.3539209986156144
335,1.35316002368927,2023-08-21 08:00:00,1.3536854538782992,1.3520969942947905,1.3552101144447042,1.3537472784473015,1.3539393131268627
336,1.3530700206756592,2023-08-21 09:00:00,1.353718943703472,1.352062042995565,1.3552807842894865,1.353648856849673,1.353956469362995
337,1.3520699739456177,2023-08-21 10:00:00,1.3537592364006417,1.352285189311598,1.355239252314686,1.3536453264647952,1.3539721559797004
338,1.3525199890136719,2023-08-21 11:00:00,1.3538461130981136,1.352284839606637,1.355421516729392,1.3536576993875808,1.353987713015193
339,1.3504300117492676,2023-08-21 12:00:00,1.3539748678440748,1.3523489354518563,1.3555458000806606,1.353687773900225,1.3540045988967304
340,1.3508299589157104,2023-08-21 13:00:00,1.354087698485795,1.3524564695594046,1.355619495911617,1.3537351552753032,1.3540224444944942
341,1.352869987487793,2023-08-21 14:00:00,1.3541210788976648,1.3524189455283273,1.3558109652566936,1.353791828430199,1.3540388173992108
342,1.3549200296401978,2023-08-21 15:00:00,1.3540659215816027,1.3523794975827381,1.3558104282536332,1.3538450690231372,1.3540511981880166
343,1.3564499616622925,2023-08-21 16:00:00,1.35398077102773,1.3522766445893772,1.3554871952746543,1.353886502418971,1.3540593926948947
344,1.3556900024414062,2023-08-21 17:00:00,1.3539412726007876,1.3522854894189424,1.355486109650872,1.3539181357518182,1.3540659861997724
345,1.3554600477218628,2023-08-21 18:00:00,1.3539710835523358,1.3524418036596388,1.3555494168376776,1.353946698719222,1.3540742126022451
346,1.3546500205993652,2023-08-21 19:00:00,1.3540193829325469,1.3524716554954141,1.3555816146735158,1.3539767426421294,1.3540851099735627
347,1.3546099662780762,2023-08-21 20:00:00,1.354007358713516,1.352482626654164,1.3557353477416945,1.3540015548734166,1.354096616551006
348,1.3543399572372437,2023-08-21 21:00:00,1.3539010031193885,1.3521022224903267,1.3554772410930385,1.3540070438755443,1.3541055045258514
349,1.3541100025177002,2023-08-21 22:00:00,1.353742903748067,1.3522629077799844,1.3553615753938992,1.3539838474659436,1.354110399591149
350,1.354200005531311,2023-08-21 23:00:00,1.3536150536550882,1.351960354158342,1.3552668802941235,1.3539365829828727,1.354111824137357
351,1.354580044746399,2023-08-22 00:00:00,1.3535695649493946,1.352013022829481,1.3550547406323412,1.3538814315880459,1.354113307921911
352,1.3545000553131104,2023-08-22 01:00:00,1.3535920340604444,1.3520543112974537,1.3552250524749672,1.35383404283593,1.354117221510366
353,1.354200005531311,2023-08-22 02:00:00,1.3537261908570075,1.3521603168015295,1.3552496474664162,1.3538085848188577,1.3541251497021052
354,1.354509949684143,2023-08-22 03:00:00,1.3538365399398902,1.3521620415274298,1.355457091066376,1.3537981115527677,1.3541349037574266
355,1.3539600372314453,2023-08-22 04:00:00,1.3539347049144905,1.3523245313821224,1.3555483512761173,1.3537944736889833,1.354144793466491
356,1.354449987411499,2023-08-22 05:00:00,1.3540577800891092,1.352538617094353,1.3557189057857835,1.3537983134046396,1.3541549423216224
357,1.3549799919128418,2023-08-22 06:00:00,1.3542200559221618,1.3527317564948949,1.3558773294450295,1.3538195831255042,1.3541664783165863
358,1.3532700538635254,2023-08-22 07:00:00,1.35439276592142,1.3528397745371077,1.355941144843419,1.3538687594057073,1.354179699419981
359,1.3529599905014038,2023-08-22 08:00:00,1.3545331501908568,1.352896089523067,1.3560485522740613,1.3539477840499863,1.3541932847923028
360,1.3528000116348267,2023-08-22 09:00:00,1.3546306894334679,1.3530634247506739,1.3562731012424707,1.3540493476278244,1.3542053964568888
361,1.3524999618530273,2023-08-22 10:00:00,1.3547191399523613,1.3532065446770618,1.3563506350701262,1.354164305128121,1.3542154270093159
362,1.3533799648284912,2023-08-22 11:00:00,1.354838390459979,1.3531603322226815,1.3564283905130756,1.3542889407680743,1.354224403458616
363,1.3518699407577515,2023-08-22 12:00:00,1.3549840203783399,1.3535015475593124,1.3564422233725162,1.3544147237202078,1.3542334578078254
364,1.3535399436950684,2023-08-22 13:00:00,1.355098687499313,1.3534704306432819,1.3567402399614927,1.35454093847615,1.3542418849246973
365,1.355370044708252,2023-08-22 14:00:00,1.3551194949610557,1.3535947344172736,1.356592163396868,1.3546594174808064,1.3542469108333284
366,1.3552199602127075,2023-08-22 15:00:00,1.3550381466308348,1.3535074949575032,1.3566855997138865,1.354757454134979,1.3542456731428039
367,1.3548099994659424,2023-08-22 16:00:00,1.3549141313727922,1.3532616189303877,1.3564611397196864,1.354826861680042,1.3542376375786522
368,1.3552600145339966,2023-08-22 17:00:00,1.35482418107899,1.3532643836590164,1.3564101349391815,1.354870003195799,1.3542280577144523
369,1.3555699586868286,2023-08-22 18:00:00,1.3547931691981203,1.3532231434637052,1.3564201384183954,1.3548960050965253,1.3542198459752428
370,1.355679988861084,2023-08-22 19:00:00,1.3547716066895659,1.3531726278086837,1.356353755157358,1.3549100968221353,1.3542137346652015
371,1.3558199405670166,2023-08-22 20:00:00,1.3547870796606858,1.3532192017660365,1.3564734779985126,1.3549168907929676,1.3542094754050973
372,1.3549100160598755,2023-08-22 21:00:00,1.35470213099493,1.3530674977667092,1.356284491769211,1.3549032648464627,1.354203578252386
373,1.3551000356674194,2023-08-22 22:00:00,1.3545609315048033,1.3529432057286288,1.3561290096879375,1.3548609559591092,1.3541944343132224
374,1.3550000190734863,2023-08-22 23:00:00,1.354447106241258,1.3529564283063393,1.3561014639286628,1.3547957978333036,1.3541836653986392
375,1.3549699783325195,2023-08-23 00:00:00,1.3544144296023273,1.3527895604918103,1.3559879593799855,1.3547252912974308,1.354174631926749
376,1.3547099828720093,2023-08-23 01:00:00,1.3544501718499085,1.3528299875432093,1.3561411595892159,1.354666493819338,1.3541695721701519
377,1.353559970855713,2023-08-23 02:00:00,1.3545012904954283,1.3529467595409288,1.356077204741462,1.3546252097316018,1.3541837071750717
378,1.3539799451828003,2023-08-23 03:00:00,1.3545323698293363,1.3530622291459715,1.3561288797152247,1.3545960286066365,1.3541999068942536
379,1.3535000085830688,2023-08-23 04:00:00,1.3545566301711072,1.352996172097738,1.356212170335664,1.354572374703935,1.354217557043323
380,1.3538099527359009,2023-08-23 05:00:00,1.3546127009551021,1.3530280995464405,1.3562804374164041,1.3545564841304887,1.3542375333677248
381,1.353600025177002,2023-08-23 06:00:00,1.354716329457972,1.3532291067220494,1.3563498044495659,1.3545494091102173,1.35426077300991
382,1.3550000190734863,2023-08-23 07:00:00,1.3548401120141444,1.3532935674991027,1.3564707243127336,1.3545632072121387,1.3542869049371487
383,1.3553199768066406,2023-08-23 08:00:00,1.354942543098867,1.3534145329005636,1.356682320807689,1.354601368371545,1.354314427057738
384,1.3550100326538086,2023-08-23 09:00:00,1.3550142362559012,1.3534117991622632,1.3566125993162688,1.3546580813730094,1.3543422129974099
385,1.3565599918365479,2023-08-23 10:00:00,1.355089947563347,1.3534762142028272,1.3567231171449659,1.3547256331691115,1.3543703028711107
386,1.3575999736785889,2023-08-23 11:00:00,1.355210422578334,1.3536153753423323,1.3568210701517731,1.354801658241954,1.3544001324486081
387,1.3569999933242798,2023-08-23 12:00:00,1.3553719465538623,1.3537705281755998,1.3568899480364636,1.3548887238477973,1.3544323866516723
388,1.3593100309371948,2023-08-23 13:00:00,1.3552888133548264,1.353698163152161,1.3569201593015832,1.3549643682003465,1.3544612406568066
389,1.357450008392334,2023-08-23 14:00:00,1.3551274257421861,1.3535331772833665,1.35680155712308,1.3550214477574543,1.3544842918147688
390,1.3558800220489502,2023-08-23 15:00:00,1.354879710858011,1.3531969671548179,1.3565483547712256,1.3550481487477453,1.3545001320622132
391,1.3541500568389893,2023-08-23 16:00:00,1.354605216702991,1.3530838930569928,1.3561761295394694,1.3550370374722471,1.3545098148183197
392,1.3523000478744507,2023-08-23 17:00:00,1.3543805718264637,1.3527622555667291,1.3558969287688236,1.354991083453479,1.3545161078232169
393,1.3529000282287598,2023-08-23 18:00:00,1.3542303874591968,1.352620344435271,1.3558057502488583,1.354919867889512,1.3545211001518465
394,1.3541500568389893,2023-08-23 19:00:00,1.354104758958611,1.3524674291286207,1.3555986166005252,1.354828920159783,1.3545243698790026
395,1.3534899950027466,2023-08-23 20:00:00,1.3539257449680733,1.3523104874059864,1.3555560130335937,1.3547124999002556,1.3545234631073173
396,1.3524600267410278,2023-08-23 21:00:00,1.353660155369134,1.3522038803983454,1.3552820647013464,1.3545574731793357,1.3545162785560492
397,1.3525099754333496,2023-08-23 22:00:00,1.353351335686984,1.3518613116721974,1.3549795725847278,1.3543554120926478,1.354503158095519
398,1.3524999618530273,2023-08-23 23:00:00,1.3530819711867728,1.3515002087910437,1.3546907686948302,1.3541347278758422,1.3544867774568663
399,1.3522000312805176,2023-08-24 00:00:00,1.3529047952680997,1.3512133573894325,1.3544758287583258,1.3539124648284337,1.354470015287267
400,1.352120041847229,2023-08-24 01:00:00,1.352805950365383,1.3512143504426772,1.3544299595445335,1.3537050887791708,1.3544538332214728
401,1.3531399965286255,2023-08-24 02:00:00,1.3527311946260712,1.351129484518759,1.3543141476313003,1.3535176865714789,1.3544370658150064
402,1.3520300388336182,2023-08-24 03:00:00,1.3526438574418818,1.3509561223564959,1.3543225307125732,1.3533440151330207,1.3544181022826352
403,1.3519400358200073,2023-08-24 04:00:00,1.3525558652023972,1.3509474163137825,1.3541534630013559,1.353176562907341,1.3543946957695432
404,1.3513200283050537,2023-08-24 05:00:00,1.3525045311731738,1.3508377705965453,1.3541936208519918,1.353016540128797,1.3543680555942086
405,1.3514000177383423,2023-08-24 06:00:00,1.3525042810888828,1.3509344570084694,1.3542118528349845,1.352874393740878,1.3543394471176964
406,1.3526400327682495,2023-08-24 07:00:00,1.3529177287963463,1.3511056587326624,1.3545165851445367,1.3528001510835992,1.3543166460918414
407,1.3537800312042236,2023-08-24 08:00:00,1.3533107585934268,1.351783735361776,1.354873378391103,1.3527960933742436,1.3542984601452666
408,1.35316002368927,2023-08-24 09:00:00,1.3536727450760957,1.3519776556127816,1.3551358767158388,1.352855170763176,1.35428405972836
409,1.3544299602508545,2023-08-24 10:00:00,1.354037263945467,1.3523865504379466,1.355685204410115,1.3529684176309125,1.3542741420034519
410,1.3540300130844116,2023-08-24 11:00:00,1.354443953048665,1.3528499834801968,1.3558833435035034,1.3531322178992409,1.354270407275756
411,1.354740023612976,2023-08-24 12:00:00,1.3548880755670962,1.3532503328023358,1.3565256773923877,1.3533479059933433,1.3542737859880507
412,1.35562002658844,2023-08-24 13:00:00,1.3553119131485614,1.3536709153341615,1.3568159818834757,1.3536147115640111,1.3542832564418226
413,1.3553999662399292,2023-08-24 14:00:00,1.3556521388606086,1.3540527861937077,1.357257032417329,1.3539243389298323,1.3542966188114678
414,1.3556300401687622,2023-08-24 15:00:00,1.3558999789713768,1.3542168553285343,1.3574801437763044,1.3542638837096528,1.3543126446409093
415,1.3563799858093262,2023-08-24 16:00:00,1.356114403948292,1.3544726451435312,1.3577650118306774,1.3546248959955935,1.3543325428206539
416,1.356469988822937,2023-08-24 17:00:00,1.356371593461951,1.3546994614117362,1.357932662030981,1.3549702824621541,1.3543592117572762
417,1.356909990310669,2023-08-24 18:00:00,1.3566958420366564,1.3551896280112519,1.358420245729992,1.355308790806477,1.3543948459705535
418,1.3574700355529785,2023-08-24 19:00:00,1.3570370621817125,1.3554814064327592,1.3586188940119517,1.3556452225170386,1.354439103592608
419,1.358049988746643,2023-08-24 20:00:00,1.3573172633937631,1.355730835433326,1.3589765956745319,1.3559732224618684,1.3544895854765207
420,1.357800006866455,2023-08-24 21:00:00,1.357503338121315,1.3558755811400316,1.3590725290681647,1.3562791609691334,1.3545442201051556
421,1.3575999736785889,2023-08-24 22:00:00,1.357638842387864,1.355988140619127,1.3591140972738938,1.35655423765121,1.3546012553596993
422,1.3583400249481201,2023-08-24 23:00:00,1.3578067943707868,1.3561897304037744,1.35917280796756,1.3568037257734327,1.3546633486272162
423,1.3583999872207642,2023-08-25 00:00:00,1.3578502781249147,1.3562332584865544,1.3595230378186534,1.3570235396998633,1.3547291355596187
424,1.3581600189208984,2023-08-25 01:00:00,1.3579660882627254,1.3563901378986845,1.3595824145083077,1.357230150628998,1.3547995152000478
425,1.3580000400543213,2023-08-25 02:00:00,1.3581006339843487,1.356519783392878,1.3596115391073231,1.3574287736326036,1.3548732392876883
426,1.3593900203704834,2023-08-25 03:00:00,1.3582179806761485,1.3567170072470354,1.359844298526718,1.3576134123540236,1.354948595464213
427,1.3597999811172485,2023-08-25 04:00:00,1.3583308631041935,1.3567700571834207,1.359898164521808,1.3577769144607772,1.3550251869163887
428,1.3596999645233154,2023-08-25 05:00:00,1.3584774617776738,1.3569274621528415,1.3600103062066564,1.3579209544203734,1.3551040887553552
429,1.3587100505828857,2023-08-25 06:00:00,1.3586731142574169,1.3570882549679395,1.3603184899431828,1.3580565395067388,1.3551864184370817
430,1.3596999645233154,2023-08-25 07:00:00,1.3588900482346171,1.3573338869747826,1.36044880776332,1.3581952105180688,1.355271965382672
431,1.358489990234375,2023-08-25 08:00:00,1.3590864317489286,1.3575393793977824,1.360668299379078,1.3583399694541753,1.355359367428491
432,1.3580000400543213,2023-08-25 09:00:00,1.3592525945221834,1.3577306644443847,1.360786058373047,1.3584845494693152,1.3554476170786518
433,1.3588000535964966,2023-08-25 10:00:00,1.359423051110381,1.3578894069154062,1.3610209066824748,1.3586418267678617,1.355537227238882
434,1.3574700355529785,2023-08-25 11:00:00,1.3596383468345388,1.3580385650681903,1.3612933767683884,1.3588090526250431,1.355629709450455
435,1.3578699827194214,2023-08-25 12:00:00,1.3598946063124602,1.3583409980687675,1.3614759747632281,1.3589884498578542,1.355725802625437
436,1.3590099811553955,2023-08-25 13:00:00,1.360134912586109,1.3584841463841753,1.3617058305530017,1.3591801430488502,1.3558242924255923
437,1.3599599599838257,2023-08-25 14:00:00,1.3602966669118894,1.3587327905785131,1.3619532666857066,1.35937672342962,1.355922786832753
438,1.3635900020599365,2023-08-25 15:00:00,1.3603717383986116,1.3587985622447079,1.3619216815787318,1.3595661510917136,1.3560244453336288
439,1.3627500534057617,2023-08-25 16:00:00,1.360419644048752,1.3587446959808969,1.3618972887809366,1.3597408040708472,1.3561302896997602
440,1.3615000247955322,2023-08-25 17:00:00,1.3605170041401562,1.35891016495648,1.3620849530281698,1.359903499661401,1.356243035565403
441,1.3611799478530884,2023-08-25 18:00:00,1.3605205324344345,1.3589308498206096,1.3621525406462027,1.3600469097299517,1.3563613418800318
442,1.3589999675750732,2023-08-25 19:00:00,1.360548254596545,1.3588081771371912,1.3619827662112254,1.3601764757373878,1.3564846955354335
443,1.360319972038269,2023-08-25 20:00:00,1.360522260433676,1.3588710469055283,1.3621129688269387,1.3602863966697174,1.356610532994923
444,1.3595999479293823,2023-08-25 21:00:00,1.3604093939897444,1.3588558465880198,1.3619482694218181,1.3603635013852378,1.3567366256955458
445,1.3595999479293823,2023-08-25 22:00:00,1.3602530328023201,1.3586955353661974,1.3619403534654184,1.3603993440342237,1.3568631714522306
446,1.3595999479293823,2023-08-25 23:00:00,1.360135886930975,1.358533973141817,1.3616668552953888,1.3603994414687104,1.3569926860834676
447,1.3594599962234497,2023-08-28 00:00:00,1.359673529854997,1.3581095201229985,1.3611949453576142,1.3603371277630212,1.3571191299668277
448,1.3596299886703491,2023-08-28 01:00:00,1.3596079558054943,1.3580444903622544,1.3612749840490719,1.3602607495037093,1.3572496496592021
449,1.3589999675750732,2023-08-28 02:00:00,1.3595662769825347,1.357881127093885,1.3611178351958446,1.3601754127970878,1.3573828792934908
450,1.3588900566101074,2023-08-28 03:00:00,1.3595126213295743,1.3579293571363158,1.3611409803021448,1.3600749745160297,1.357517012712775
451,1.359220027923584,2023-08-28 04:00:00,1.3594596662729264,1.3579230471264758,1.3610302016030296,1.3599688878998788,1.3576515821457118
452,1.3591899871826172,2023-08-28 05:00:00,1.3594454169061023,1.3577580735421695,1.361096577957667,1.3598586041308345,1.3577876133349962
453,1.3591099977493286,2023-08-28 06:00:00,1.3594849206529336,1.357894731833193,1.3609168159423346,1.3597548701527602,1.3579261944440069
454,1.3588099479675293,2023-08-28 07:00:00,1.3595500051855147,1.3580966245956083,1.3611514066840982,1.3596689312723371,1.3580671039242538
455,1.360129952430725,2023-08-28 08:00:00,1.35959833489847,1.357926893290109,1.3611192741127263,1.359603461481952,1.3582089850004457
456,1.3600300550460815,2023-08-28 09:00:00,1.3596196398306117,1.357861670803577,1.3612725522484046,1.359551836771916,1.3583430232211307
457,1.3598500490188599,2023-08-28 10:00:00,1.3596477476347462,1.358051710384311,1.3611657909685115,1.3595492585498907,1.358469763001957
458,1.3598999977111816,2023-08-28 11:00:00,1.359722439439186,1.3580919458469867,1.3613238059423738,1.35956070691326,1.358590756889219
459,1.3596500158309937,2023-08-28 12:00:00,1.35983900929212,1.3582162424965594,1.3614572353977312,1.3595879801442186,1.3587067917961522
460,1.3598500490188599,2023-08-28 13:00:00,1.3599396550408076,1.35830832837408,1.361431620524358,1.3596306835153418,1.3588167058359948
461,1.3573999404907227,2023-08-28 14:00:00,1.3599608505596446,1.3583321588806652,1.3615444495590827,1.3596808019440136,1.358918161335846
462,1.3586900234222412,2023-08-28 15:00:00,1.3598935083505508,1.3582838195860334,1.361505642918267,1.3597256110884586,1.3590097932398857
463,1.3596999645233154,2023-08-28 16:00:00,1.3597961729036467,1.3582333861374458,1.3614130563935474,1.3597567363135297,1.3590926739207463
464,1.3592000007629395,2023-08-28 17:00:00,1.3597444895836661,1.3580598157387722,1.3612128101247793,1.359776184753345,1.359169564132992
465,1.3605400323867798,2023-08-28 18:00:00,1.3597621156421802,1.3581853913855702,1.3613708020756428,1.359792562827716,1.3592425183668702
466,1.360360026359558,2023-08-28 19:00:00,1.3597982301293658,1.3582009103005774,1.3613646901644625,1.3598104218575915,1.3593110511002182
467,1.3602499961853027,2023-08-28 20:00:00,1.359774021017302,1.358249297458134,1.3614306963294194,1.359823049195847,1.3593726146798313
468,1.3598500490188599,2023-08-28 21:00:00,1.3596554805301506,1.3580772861023076,1.3611862491340918,1.3598163533049434,1.3594249830468
469,1.3593100309371948,2023-08-28 22:00:00,1.3594851962657877,1.3578744472140252,1.3611439141010417,1.35978097200231,1.3594683417042404
470,1.3595999479293823,2023-08-28 23:00:00,1.3593451612797802,1.3577658316950791,1.3609968270560886,1.3597215226262076,1.35950517816741
471,1.3600599765777588,2023-08-29 00:00:00,1.3592874876810537,1.3577258931440872,1.3609762084377302,1.3596541863383484,1.3595381510732736
472,1.3603700399398804,2023-08-29 01:00:00,1.3592977718990695,1.3577507926462267,1.3609215084862458,1.3595946126932001,1.3595679706238395
473,1.3600000143051147,2023-08-29 02:00:00,1.359321304857387,1.3578293941865793,1.3609000562915567,1.3595471258885743,1.3595973911584889
474,1.3590999841690063,2023-08-29 03:00:00,1.3593210301020184,1.357694912086646,1.361043267596941,1.3595047799404096,1.3596244899952745
475,1.3587900400161743,2023-08-29 04:00:00,1.3593085712383672,1.3577930885942742,1.3608805910994854,1.359459425500028,1.359648648740355
476,1.3593800067901611,2023-08-29 05:00:00,1.3593210225747343,1.3577017797108297,1.3609931733961926,1.359411704744565,1.3596707095783267
477,1.3593800067901611,2023-08-29 06:00:00,1.3593726745695356,1.3579250088278434,1.3609534691208602,1.3593715700997886,1.3596915458076333
478,1.360069990158081,2023-08-29 07:00:00,1.3594347607305426,1.3576964963494542,1.3609716765453945,1.3593494981198275,1.359710691786691
479,1.3602800369262695,2023-08-29 08:00:00,1.3594645211617273,1.357782110940774,1.361068276425143,1.3593474306094218,1.359726519924777
480,1.361199975013733,2023-08-29 09:00:00,1.3594514365660881,1.357940539899838,1.3610389491674129,1.3593580581380524,1.3597377476914065
481,1.3602800369262695,2023-08-29 10:00:00,1.359429263246731,1.3578703963760592,1.3609828358961849,1.3593722356946203,1.3597446043213626
482,1.3613799810409546,2023-08-29 11:00:00,1.3594378899160982,1.357847804133319,1.3610611812110012,1.3593862474963232,1.359748310229241
483,1.3626400232315063,2023-08-29 12:00:00,1.3594728959962081,1.357788782954662,1.3610081027873246,1.3594014066102051,1.3597493071269573
484,1.3632099628448486,2023-08-29 13:00:00,1.3594769392789294,1.3578023907424133,1.360901262538246,1.359416997527896,1.3597460789758449
485,1.3628699779510498,2023-08-29 14:00:00,1.3593871229024272,1.3579685824058438,1.3610173881243905,1.359424852694302,1.3597359293076445
486,1.3598999977111816,2023-08-29 15:00:00,1.3591951507339555,1.3574408697022886,1.3607402092414,1.3594122655102243,1.3597171340706016
487,1.3590199947357178,2023-08-29 16:00:00,1.3589605116376577,1.3574918267867797,1.3605211163568909,1.3593710492170366,1.359690410965117
488,1.3584799766540527,2023-08-29 17:00:00,1.3587599375056008,1.3571329306811264,1.3603874786342933,1.3593035668945423,1.3596581749472565
489,1.3572399616241455,2023-08-29 18:00:00,1.3586183017864806,1.3569976718789845,1.3602646071255704,1.3592189449570176,1.359622148102011
490,1.3563499450683594,2023-08-29 19:00:00,1.358486115439675,1.3569177888362693,1.3601367601426417,1.3591224128443762,1.3595815303280014
491,1.3559600114822388,2023-08-29 20:00:00,1.3582859987976101,1.3568180010279884,1.3598787519188458,1.3590080863994642,1.359536839655265
492,1.3550000190734863,2023-08-29 21:00:00,1.357985460518667,1.3565013746992154,1.3595496341262785,1.3588628434597212,1.3594855837737074
493,1.3552299737930298,2023-08-29 22:00:00,1.3576286714153527,1.3560783268793948,1.359187449263679,1.3586784210016356,1.359427711993341
494,1.355389952659607,2023-08-29 23:00:00,1.3572992565386124,1.355768910060022,1.358814067088269,1.358460652727604,1.3593655092443186
495,1.3558800220489502,2023-08-30 00:00:00,1.3570509902864933,1.3554733183607044,1.3586711138016347,1.3582270394660105,1.359301468394002
496,1.3563599586486816,2023-08-30 01:00:00,1.3568711429208864,1.355324429435202,1.3584791784812444,1.3579946386847037,1.3592361735138
497,1.3566700220108032,2023-08-30 02:00:00,1.3567066719532268,1.3550417013034692,1.3581970934455063,1.3577692547162605,1.3591768363557646
498,1.3569899797439575,2023-08-30 03:00:00,1.3565221616739367,1.3548083505880486,1.3580733946021255,1.3575454771330941,1.3591151204731335
499,1.3566099405288696,2023-08-30 04:00:00,1.3563308324025205,1.3547529139878969,1.3578312183461252,1.357316730194698,1.3590504115815332
500,1.35739004611969,2023-08-30 05:00:00,1.3561713135733204,1.3546689647064107,1.3576998066345576,1.3570852500080626,1.358983585426408
501,1.357509970664978,2023-08-30 06:00:00,1.3560593524629936,1.3544122848219748,1.3577930789770822,1.356862585374601,1.3589155791502094
502,1.356760025024414,2023-08-30 07:00:00,1.355967545405985,1.3543476150656732,1.3575268652986545,1.3566607938633326,1.3588460217202072
503,1.355780005455017,2023-08-30 08:00:00,1.355854386877519,1.3541195891568023,1.357430149477663,1.3564833654095494,1.3587734110446987
504,1.356410026550293,2023-08-30 09:00:00,1.355710490421365,1.3540602778529545,1.3572294039574835,1.3563244887978247,1.358696620749416
505,1.3565399646759033,2023-08-30 10:00:00,1.355570612115623,1.35400194084729,1.3571400755065302,1.3561764509807377,1.3586160662937588
506,1.3555999994277954,2023-08-30 11:00:00,1.3554754975174212,1.3539216531334317,1.357069988450642,1.3560368864403913,1.3585331834474952
507,1.3562699556350708,2023-08-30 12:00:00,1.3554214318797613,1.3537643923633966,1.356950966462585,1.3559083624330444,1.3584486571323955
508,1.35385000705719,2023-08-30 13:00:00,1.3553516215973094,1.3538578243671344,1.356940929129635,1.3557913084253819,1.3583612407755579
509,1.3530000448226929,2023-08-30 14:00:00,1.3552035569012413,1.3536497336581308,1.356911614313794,1.355678580875254,1.3582685317277403
510,1.352910041809082,2023-08-30 15:00:00,1.3549691649336448,1.353356627149583,1.356594612694429,1.3555583660112864,1.358169121925597
511,1.3516499996185303,2023-08-30 16:00:00,1.3547079936952038,1.3531160044146169,1.356155114162292,1.3554232301345075,1.358064064788308
512,1.3531999588012695,2023-08-30 17:00:00,1.354496671735254,1.3528737845601886,1.3561435050118125,1.3552761427674342,1.3579561280560022
513,1.3542200326919556,2023-08-30 18:00:00,1.3543598102845642,1.3529914793940054,1.3559174028151062,1.355126685108139,1.3578474008036208
514,1.3530000448226929,2023-08-30 19:00:00,1.3542475047005569,1.352703844103913,1.3559423063532143,1.3549803865360581,1.3577374611059585
515,1.3532999753952026,2023-08-30 20:00:00,1.3540818136266037,1.3525742550538584,1.355659717258624,1.354831506687156,1.357623855065647
516,1.3530499935150146,2023-08-30 21:00:00,1.353829546944243,1.3521793235761914,1.3554228022124721,1.3546669116298382,1.3575044814019444
517,1.3533999919891357,2023-08-30 22:00:00,1.3535340501786715,1.3519587080577653,1.3550123469207802,1.354478173459729,1.357379681985172
518,1.3535799980163574,2023-08-30 23:00:00,1.3532780085950487,1.3516947723834922,1.354793151776507,1.354270812159503,1.3572521325464697
519,1.3534400463104248,2023-08-31 00:00:00,1.3531141555929531,1.3513834107737095,1.3546827306928315,1.3540618720286743,1.3571247117330134
520,1.353350043296814,2023-08-31 01:00:00,1.3530286336068136,1.3513792871419115,1.3545824883378053,1.3538678188959912,1.3569983811795538
521,1.3527300357818604,2023-08-31 02:00:00,1.3529672007840732,1.3514261699230101,1.3545591981757694,1.353693739604878,1.3568719754416143
522,1.3534400463104248,2023-08-31 03:00:00,1.3528931865164624,1.3513609102342707,1.3544634038686425,1.353533391082999,1.356743883733962
523,1.3540300130844116,2023-08-31 04:00:00,1.3528185171935565,1.3512060379113193,1.3543803140504032,1.3533792617738982,1.3566138279806852
524,1.353700041770935,2023-08-31 05:00:00,1.3527805060809113,1.3512630211391752,1.3544751340642502,1.3532325619119336,1.3564830175002636
525,1.3535499572753906,2023-08-31 06:00:00,1.3527935789131988,1.3510460306197707,1.3544571824793183,1.3531037384405933,1.35635271765376
526,1.3542100191116333,2023-08-31 07:00:00,1.3528290218330012,1.3511646929784034,1.3544082992277273,1.353003685929469,1.3562228776389254
527,1.3538299798965454,2023-08-31 08:00:00,1.3528440468424185,1.351343866658948,1.3544741429401284,1.3529346855958437,1.3560923050843832
528,1.3542200326919556,2023-08-31 09:00:00,1.3528280285374321,1.3512932840914833,1.3542366109559087,1.3528896875900822,1.3559601704405209
529,1.354830026626587,2023-08-31 10:00:00,1.3528145426191431,1.3512373241495892,1.3543131397812738,1.3528597262927011,1.3558271708696692
530,1.3549100160598755,2023-08-31 11:00:00,1.3528432269346795,1.3512726197102176,1.3544718172015737,1.3528411856254876,1.355695006677041
531,1.354509949684143,2023-08-31 12:00:00,1.3529093446654492,1.3513295920639476,1.354481815923742,1.3528354000136253,1.3555646083054154
532,1.3523999452590942,2023-08-31 13:00:00,1.3529551774592523,1.3514529248650826,1.3544655150987488,1.3528415991079044,1.3554349540562782
533,1.3527699708938599,2023-08-31 14:00:00,1.352917398383638,1.3515212321564092,1.3544698087644451,1.3528514872269124,1.3553038441040268
534,1.352910041809082,2023-08-31 15:00:00,1.3527872337067448,1.3511796640187783,1.3546161799242322,1.3528521599894958,1.3551700499925832
535,1.3540300130844116,2023-08-31 16:00:00,1.3526236538959981,1.3510154361302673,1.3542090042118469,1.3528351674877759,1.3550347806124545
536,1.354490041732788,2023-08-31 17:00:00,1.3525028386219955,1.35086191539278,1.3541740126288544,1.352802549166675,1.3549009343702156
537,1.3525099754333496,2023-08-31 18:00:00,1.3524490824090412,1.3508232483386406,1.3540782912060134,1.3527630527233374,1.354770705785643
538,1.3517299890518188,2023-08-31 19:00:00,1.3524122977664355,1.3508065878780446,1.3540393931284134,1.3527214796462377,1.35464375299086
539,1.3514100313186646,2023-08-31 20:00:00,1.3523144941908243,1.3506793600719311,1.3537685092635863,1.3526714748034059,1.3545176768389466
540,1.3507800102233887,2023-08-31 21:00:00,1.3521225641307162,1.3505594678001187,1.353815848535716,1.3525994085230095,1.3543904058127678
541,1.350849986076355,2023-08-31 22:00:00,1.3518800636096124,1.3501926564497742,1.353494802526209,1.3524964804174258,1.3542622871090078
542,1.3510700464248657,2023-08-31 23:00:00,1.3516700108048618,1.3500657658728872,1.353325051706976,1.3523679637519868,1.3541359781147313
543,1.3510299921035767,2023-09-01 00:00:00,1.3515455872715245,1.3498807913829387,1.353030708229668,1.3522307826407753,1.354014316431855
544,1.351040005683899,2023-09-01 01:00:00,1.3514934901218698,1.3499483971305593,1.353162811124324,1.3521014082822878,1.3538982011035199
545,1.349560022354126,2023-09-01 02:00:00,1.3514601285560275,1.3498822046050427,1.3531767029698398,1.3519850557482909,1.3537863838689108
546,1.3504999876022339,2023-09-01 03:00:00,1.3514095679603615,1.349815669101044,1.353001061677318,1.3518757286821275,1.3536771523697002
547,1.3509999513626099,2023-09-01 04:00:00,1.3513545431009424,1.3498065296964152,1.3530278987588846,1.3517662747513177,1.3535701097926545
548,1.350849986076355,2023-09-01 05:00:00,1.3513332344869589,1.349851975739374,1.3529564084920793,1.3516583684233698,1.353466331248915
549,1.350950002670288,2023-09-01 06:00:00,1.3513609796792314,1.3498550281009902,1.353025326771125,1.3515630169722106,1.3533669341944494
550,1.3516600131988525,2023-09-01 07:00:00,1.3514100063689654,1.3498344067863428,1.3530694715926095,1.3514917611960355,1.3532717080503622
551,1.3517800569534302,2023-09-01 07:26:50,1.351427003022054,1.3497793357863483,1.3529752084625941,1.3514464551372798,1.3531790610615433
552,,2023-09-01 08:26:50,1.351440171154581,1.3499420027747173,1.3530306663714748,1.3514234711722515,1.3530885135765152
553,,2023-09-01 09:26:50,1.3514344134436098,1.3499917437491389,1.3530731539967464,1.3514123537894602,1.3530001141078372
554,,2023-09-01 10:26:50,1.3514537419653054,1.3499378576898542,1.3530629062369435,1.3514083789738038,1.3529149791387158
555,,2023-09-01 11:26:50,1.3515236096403613,1.3498823397603836,1.3531462870691466,1.3514147270822372,1.3528340390892106
556,,2023-09-01 12:26:50,1.3516137579678908,1.350023942395903,1.3532872386726387,1.35143514608299,1.3527568042982199
557,,2023-09-01 13:26:50,1.3516566166975692,1.349920540941027,1.3534003297315085,1.3514653534426526,1.352681507994576
558,,2023-09-01 14:26:50,1.35160817074986,1.3500109271423624,1.353295259722602,1.351492847068943,1.352606638977627
559,,2023-09-01 15:26:50,1.351493093232795,1.3498082853366111,1.3530970623023508,1.3515060584242993,1.3525324297042582
560,,2023-09-01 16:26:50,1.3513874964667725,1.34962904087886,1.3531268365487021,1.35150380743408,1.352460796334921
561,,2023-09-01 17:26:50,1.3513517954401224,1.349602637335066,1.3531585813309157,1.3514962866758868,1.352393672369819
562,,2023-09-01 18:26:50,1.351375689160252,1.3495699399402838,1.3531886477458004,1.351489838476454,1.352331252718319
563,,2023-09-01 19:26:50,1.351387861738424,1.3495654944752395,1.3531632839790877,1.3514851833059354,1.3522718137473964
564,,2023-09-01 20:26:50,1.351322478430904,1.3494136434723036,1.3532081887385952,1.351472056952495,1.3522133132220033
565,,2023-09-01 21:26:50,1.3511809170459912,1.349280437344835,1.3530425422737447,1.3514377876930581,1.3521552952903908
